<?xml version="1.0" encoding="utf-8"?>
<extension type="plugin" client="site" group="editors-xtd" method="upgrade">
	<name>PLG_EDITORS-XTD_INSERTTAGSGHSVS</name>
	<author>G@HService Berlin Neukölln, Volkmar Volli Schlothauer</author>
	<creationDate>2019-11-02</creationDate>
	<copyright>(C) 2021, G@HService Berlin Neukölln, Volkmar Volli Schlothauer (ghsvs.de)</copyright>
	<license>GNU General Public License version 3 or later; see LICENSE.txt.</license>
	<authorUrl>https://ghsvs.de</authorUrl>
	<version>2023.02.10</version>
	<description>PLG_EDITORS-XTD_INSERTTAGSGHSVS_XML_DESC</description>

	<updateservers>
		<server type="extension" priority="1" name="PLG_EDITORS-XTD_INSERTTAGSGHSVS">https://raw.githubusercontent.com/GHSVS-de/upadateservers/master/plg_editors-xtd_inserttagsghsvs-update.xml</server>
	</updateservers>

	<scriptfile>installerScript.php</scriptfile>
	<minimumPhp>7.4.0</minimumPhp>
	<maximumPhp>8.99999.99999</maximumPhp>
	<minimumJoomla>4.3.0</minimumJoomla>
	<maximumJoomla>4.9999.9999</maximumJoomla>
	<allowDowngrades>1</allowDowngrades>

	<files>
		<!--<filename plugin="inserttagsghsvs">inserttagsghsvs.php</filename>-->
		<folder plugin="inserttagsghsvs">services</folder>
		<folder>language</folder>
		<folder>src</folder>
		<filename>installerScript.php</filename>
		<filename>LICENSE.txt</filename>
	</files>

	<media destination="plg_editors-xtd_inserttagsghsvs" folder="media">
		<folder>html</folder>
		<folder>js</folder>
	</media>
	<namespace path="src">GHSVS\Plugin\EditorsXtd\InsertTagsGhsvs</namespace>
	<config />

</extension>
